Threshold,Inflation,PCA_dims,N_clusters,Singletons,Clusters_ge_3,Largest_cluster_size,Weighted_TP_purity,Purity_ge_3,ARI,NMI,FMI,Homogeneity,Experiment
0.6,1.5,10,16,10,5,7,0.7666666666666667,0.65,0.317149073283578,0.7246218316882715,0.3954372976473722,0.7736328844337802,Exp 1: Threshold
0.65,1.5,10,20,14,4,7,0.8,0.7142857142857143,0.3228355885522692,0.7475744075523432,0.40406101782088427,0.8386292422858055,Exp 1: Threshold
0.7,1.5,10,22,17,2,7,0.8333333333333334,0.7,0.32937335630724585,0.7595528529859339,0.4114755998989118,0.8602946949031474,Exp 1: Threshold
0.75,1.5,10,24,20,2,7,0.9,0.7777777777777778,0.34977578475336324,0.7871314712254996,0.4364357804719848,0.911803089842604,Exp 1: Threshold
0.8,1.5,10,26,23,2,6,0.9333333333333333,0.75,0.25680881712505443,0.7855352562271363,0.3565120479536904,0.9360854574533617,Exp 1: Threshold
0.8,1.2,10,26,23,2,6,0.9333333333333333,0.75,0.25680881712505443,0.7855352562271363,0.3565120479536904,0.9360854574533617,Exp 2: Inflation
0.8,1.3,10,26,23,2,6,0.9333333333333333,0.75,0.25680881712505443,0.7855352562271363,0.3565120479536904,0.9360854574533617,Exp 2: Inflation
0.8,1.7,10,26,23,2,6,0.9333333333333333,0.75,0.25680881712505443,0.7855352562271363,0.3565120479536904,0.9360854574533617,Exp 2: Inflation
0.8,2.0,10,26,23,2,6,0.9333333333333333,0.75,0.25680881712505443,0.7855352562271363,0.3565120479536904,0.9360854574533617,Exp 2: Inflation
0.65,1.2,10,18,14,2,14,0.8,0.7142857142857143,0.505755997170236,0.7540433337528816,0.5791405068790082,0.7780350006187863,Exp 3: Threshold+Inflation
0.65,1.3,10,18,14,2,14,0.8,0.7142857142857143,0.505755997170236,0.7540433337528816,0.5791405068790082,0.7780350006187863,Exp 3: Threshold+Inflation
0.7,1.2,10,21,17,1,12,0.8333333333333334,0.7,0.3452739313666466,0.7463300625434144,0.4243342123957527,0.8096928687289742,Exp 3: Threshold+Inflation
0.7,1.3,10,22,17,2,7,0.8333333333333334,0.7,0.32937335630724585,0.7595528529859339,0.4114755998989118,0.8602946949031474,Exp 3: Threshold+Inflation
0.75,1.2,10,24,20,2,7,0.9,0.7777777777777778,0.34977578475336324,0.7871314712254996,0.4364357804719848,0.911803089842604,Exp 3: Threshold+Inflation
0.75,1.3,10,24,20,2,7,0.9,0.7777777777777778,0.34977578475336324,0.7871314712254996,0.4364357804719848,0.911803089842604,Exp 3: Threshold+Inflation
0.8,1.5,5,10,4,4,14,0.6333333333333333,0.5909090909090909,0.4493459664735893,0.6683641960307265,0.5475708968190233,0.623509815800416,Exp 4: PCA Dim 5
0.75,1.5,5,9,4,4,14,0.6333333333333333,0.5833333333333334,0.42532224086835435,0.6494626410484388,0.5399492471560389,0.5830459270627097,Exp 4: PCA Dim 5
0.7,1.3,5,4,1,3,15,0.5,0.4827586206896552,0.3058577770040909,0.48726006634100644,0.4777665429529546,0.3765705370586387,Exp 4: PCA Dim 5
0.65,1.3,5,4,1,3,15,0.5,0.4827586206896552,0.3058577770040909,0.48726006634100644,0.4777665429529546,0.3765705370586387,Exp 4: PCA Dim 5
0.8,1.5,15,30,27,2,3,0.9666666666666667,0.8333333333333334,0.1339543969046993,0.7855625006939322,0.25253813613805265,0.9701570576778851,Exp 4: PCA Dim 15
0.75,1.5,15,29,26,2,4,0.9666666666666667,0.8571428571428571,0.21167089525190286,0.796904311675668,0.3380617018914066,0.9701570576778851,Exp 4: PCA Dim 15
0.7,1.3,15,25,21,1,8,0.9333333333333333,0.875,0.46343612334801765,0.8128263890906847,0.5367450401216932,0.9312282686282077,Exp 4: PCA Dim 15
0.65,1.3,15,23,20,1,11,0.9,0.7777777777777778,0.40628923950428564,0.7868488615031127,0.476910483238266,0.8821633303995693,Exp 4: PCA Dim 15
0.8,1.5,20,31,28,1,3,0.9666666666666667,0.6666666666666666,0.07892204042348412,0.7761843923440629,0.17928429140015906,0.9701570576778851,Exp 4: PCA Dim 20
0.75,1.5,20,30,26,1,3,0.9666666666666667,0.6666666666666666,0.10677618069815195,0.7829702680362328,0.2182178902359924,0.9701570576778851,Exp 4: PCA Dim 20
0.7,1.3,20,29,26,2,4,0.9666666666666667,0.8571428571428571,0.21167089525190286,0.796904311675668,0.3380617018914066,0.9701570576778851,Exp 4: PCA Dim 20
0.65,1.3,20,28,26,1,7,0.9666666666666667,0.8571428571428571,0.364075510074366,0.8093994129439976,0.45584230583855184,0.9551339950772878,Exp 4: PCA Dim 20
